{
    "1": {
        "name": "Roboto",
        "description": "modern sans-serif font"
    },
    "2": {
        "name": "Montserrat",
        "description": "rounded modern font"
    },
    "3": {
        "name": "Bebas Neue",
        "description": "bold uppercase display font"
    },
    "4": {
        "name": "Orbitron",
        "description": "futuristic techno font"
    },
    "5": {
        "name": "Anton",
        "description": "heavy bold font"
    },
    "6": {
        "name": "Playfair Display",
        "description": "elegant serif font"
    },
    "7": {
        "name": "Cinzel",
        "description": "ancient roman serif font"
    },
    "8": {
        "name": "Inter",
        "description": "minimal clean sans-serif font"
    },
    "9": {
        "name": "Courier New",
        "description": "monospaced font"
    },
    "10": {
        "name": "Lobster",
        "description": "handwritten cursive font"
    }
}