{
    "1": {
        "code": "TEC",
        "industry": "Technology",
        "description": "Software, AI, SaaS, IT services"
    },
    "2": {
        "code": "ENG",
        "industry": "Engineering",
        "description": "Mechanical, electrical, civil, structural"
    },
    "3": {
        "code": "CON",
        "industry": "Construction",
        "description": "Builders, contractors, architects"
    },
    "4": {
        "code": "MFG",
        "industry": "Manufacturing",
        "description": "Industrial goods, machinery, equipment"
    },
    "5": {
        "code": "AUT",
        "industry": "Automotive",
        "description": "Car makers, EV, accessories, services"
    },
    "6": {
        "code": "ENR",
        "industry": "Energy & Utilities",
        "description": "Solar, gas, power, green energy"
    },
    "7": {
        "code": "TEL",
        "industry": "Telecommunications",
        "description": "ISPs, mobile networks, hardware"
    },
    "8": {
        "code": "FIN",
        "industry": "Finance",
        "description": "Banks, investment firms, lending"
    },
    "9": {
        "code": "INS",
        "industry": "Insurance",
        "description": "Health, life, vehicle, property"
    },
    "10": {
        "code": "RLE",
        "industry": "Real Estate",
        "description": "Residential, commercial, property mgmt"
    },
    "11": {
        "code": "HLT",
        "industry": "Healthcare",
        "description": "Hospitals, clinics, medical products"
    },
    "12": {
        "code": "PHA",
        "industry": "Pharmaceuticals",
        "description": "Drug companies, biotech, R&D"
    },
    "13": {
        "code": "BIO",
        "industry": "Biotechnology",
        "description": "Genetic tech, research, life sciences"
    },
    "14": {
        "code": "EDU",
        "industry": "Education",
        "description": "Schools, edtech, tutoring, academies"
    },
    "15": {
        "code": "LEG",
        "industry": "Legal Services",
        "description": "Law firms, legal consultants"
    },
    "16": {
        "code": "HRR",
        "industry": "HR & Recruitment",
        "description": "Talent acquisition, staffing, HR tech"
    },
    "17": {
        "code": "CST",
        "industry": "Consulting",
        "description": "Business, strategy, marketing consultants"
    },
    "18": {
        "code": "NPO",
        "industry": "Non-Profit / NGO",
        "description": "Social impact, charity, global initiatives"
    },
    "19": {
        "code": "ECM",
        "industry": "E-commerce",
        "description": "Online stores, marketplaces, platforms"
    },
    "20": {
        "code": "RTL",
        "industry": "Retail",
        "description": "Brick-and-mortar stores, consumer goods"
    },
    "21": {
        "code": "FNB",
        "industry": "Food & Beverage",
        "description": "Restaurants, packaged goods, drinks"
    },
    "22": {
        "code": "TRV",
        "industry": "Travel & Hospitality",
        "description": "Hotels, booking, travel agencies"
    },
    "23": {
        "code": "FAS",
        "industry": "Fashion & Apparel",
        "description": "Clothing, footwear, accessories"
    },
    "24": {
        "code": "BTW",
        "industry": "Beauty & Wellness",
        "description": "Salons, skincare, fitness, mental health"
    },
    "25": {
        "code": "ENT",
        "industry": "Entertainment & Media",
        "description": "TV, film, music, podcasts, publishing"
    },
    "26": {
        "code": "GAM",
        "industry": "Gaming & Esports",
        "description": "Game devs, streamers, teams, platforms"
    },
    "27": {
        "code": "ART",
        "industry": "Art & Design",
        "description": "Artists, studios, creative portfolios"
    },
    "28": {
        "code": "MKT",
        "industry": "Marketing & Advertising",
        "description": "Agencies, branding, performance marketing"
    },
    "29": {
        "code": "CYB",
        "industry": "Cybersecurity",
        "description": "Digital protection, encryption, SaaS"
    },
    "30": {
        "code": "WEB",
        "industry": "Web3 / Blockchain",
        "description": "Crypto, NFTs, decentralized platforms"
    }
}